{
  "assetsByChunkName": {
    "vendors~app-account~app-checkout~app-confirmation~app-order": "chunk.8ff3b8f8ec1d9a384cf3.js",
    "vendors~app-account~app-confirmation~app-order": "chunk.995debe0ca2a7db9b789.js",
    "vendors~app-account~app-checkout": "chunk.02aff290480232d6d5d5.js",
    "vendors~app-cart~app-checkout": "chunk.da797f82992654b0290d.js",
    "admin": [
      "admin.2a3b7bdd9f39dcf3d8c9.js",
      "admin.2a3b7bdd9f39dcf3d8c9.js.map"
    ],
    "app-account": "chunk.3ea4cb1fcf8ba0ea0720.js",
    "app-checkout": "chunk.b7c8f34b62f470315ae0.js",
    "app-confirmation": "chunk.28e434e821a0958ac294.js",
    "app-order": "chunk.d4056e06fe65841761d5.js",
    "checkout": [
      "checkout.bffeb15da5e3f29007d4.js",
      "checkout.bffeb15da5e3f29007d4.js.map"
    ],
    "storefront": [
      "storefront.001dfb113a49c6be5337.css",
      "storefront.1d13a8bb063f1d60faa6.js",
      "storefront.001dfb113a49c6be5337.css.map",
      "storefront.1d13a8bb063f1d60faa6.js.map"
    ],
    "vendors~app-cart": "chunk.ffcce9d641c2606efa98.js"
  }
}