{
  "meta_title": "",
  "meta_description": "",
  "sections": [
    {
      "type": "banner-slider",
      "autoplay": 9000,
      "full_width": true,
      "slides": [
        {
          "img": "/img/uploads/whatsapp-image-2022-10-05-at-8.31.09-pm-1-.webp",
          "link": "/headset",
          "alt": "Headset banner",
          "start": "",
          "end": "",
          "mobile_img": "/img/uploads/whatsapp-image-2022-10-05-at-8.31.09-pm.jpeg"
        }
      ]
    },
    {
      "type": "info-bar",
      "enabled": true
    },
    {
      "type": "collection-shelf",
      "shuffle": true,
      "limit": 12,
      "page": 1,
      "sort": "news",
      "title": "LANÇAMENTOS",
      "collection_id": "624c763d2e405e04ff23f8e3:categories:Camisetas:/categoria-camisetas"
    },
    {
      "type": "collection-shelf",
      "shuffle": true,
      "limit": 12,
      "page": 1,
      "sort": "sales",
      "title": "DESTAQUES"
    },
    {
      "type": "collection-shelf",
      "shuffle": true,
      "limit": 12,
      "page": 1,
      "sort": "offers",
      "title": "SALDÃO",
      "collection_id": "6422f6c24bd2e929c1b55057:categories:Saldão:/saldao"
    },
    {
      "type": "collection-shelf",
      "shuffle": true,
      "limit": 12,
      "page": 1,
      "collection_id": "624c7a692e405e04ff240a75:categories:Bonés :/categoria-bones",
      "sort": "news",
      "title": "OS MELHORES BONÉS"
    }
  ]
}